name,location,price,taxes,stars,ratings,condition,feature1,feature2,feature3
Capital O Boulevard Elite Madiwala Near Ragigudda Sri Prasanna Anjanayeswamy Temple,"B T M Layout, Bangalore",₹892,+ ₹157 taxes & fees,4.5,(2303 Ratings),Excellent,AC,TV,Queen Sized Bed
SPOT ON Yatra Inn Near Lalbagh Botanical Garden,"Lalbagh, Bangalore",₹693,+ ₹133 taxes & fees,5.0,(2603 Ratings),Fabulous,Reception,Free Wifi,Power backup
OYO Flagship Sai Palace Nearby PES University Hosakerehalli,"Vivekananda Nagar, Bangalore",₹410,+ ₹89 taxes & fees,4.1,(250 Ratings),Very Good,Elevator,Free Wifi,Geyser
Super OYO Townhouse 490 Indiranagar Extn,"Bangalore, Bangalore",₹902,+ ₹109 taxes & fees,4.2,(1808 Ratings),Very Good,Reception,Free Wifi,Caretaker
Super OYO Townhouse 180 Jayanagar,"Near Sagar Hospital, Tilak Nagar, Bangalore",₹1090,+ ₹171 taxes & fees,4.9,(2648 Ratings),Fabulous,Free Wifi,Daily housekeeping,AC
SPOT ON Gayatri Comforts,"Near Yelahanka, Bangalore",₹580,+ ₹120 taxes & fees,4.5,(406 Ratings),Excellent,Parking facility,Reception,Free Wifi
OYO Townhouse 361 Sarvar Hospitality Near Ascendas Park Square Mall,"Near kadugudi post office , Brindavan Layout, Bangalore",₹812,+ ₹137 taxes & fees,4.3,(1244 Ratings),Very Good,Free Wifi,Power backup,CCTV cameras
Super OYO Collection O Compact Green View Near Nexus Mall Koramangala,"Near Ejipura Bus stand, Ashwini Layout, Bangalore",₹998,+ ₹160 taxes & fees,4.9,(1244 Ratings),Fabulous,Parking facility,Free Wifi,Power backup
Flagship M & M Hospitality,"Bangalore Rural District, Bangalore",₹499,+ ₹100 taxes & fees,3.9,(179 Ratings),Good,Free Wifi,Geyser,Power backup
Capital O Safari Rooms Near Snow City,"India Bangalore Karnatakaindia, Bangalore",₹544,+ ₹105 taxes & fees,3.8,(47 Ratings),Good,Doctor on call,Parking facility,Reception
Townhouse OAK SRK White Inn Near Ragigudda Sri Prasanna Anjaneyaswamy Temple,"Koramangala, Bangalore",₹942,+ ₹183 taxes & fees,4.0,(1477 Ratings),Very Good,Free Wifi,Power backup,Security
Flagship Sunshine Inn,"Rachenahalli Main Road Beside Manyata Tech Park Gate 5, Bangalore",₹419,+ ₹80 taxes & fees,3.9,(461 Ratings),Good,Parking facility,Elevator,Free Wifi
Super OYO Capital O Manyata Royal Mac,"Behind Manyata Tech Park, Rechanahalli, Bangalore",₹761,+ ₹151 taxes & fees,4.3,(596 Ratings),Very Good,Hair Dryer,Parking facility,Free Wifi
OYO Flagship HOTEL SKYSPACE Near Hare Krishna Hill,"Yeswantpur Near Railway Station, Bangalore",₹479,+ ₹97 taxes & fees,4.0,(816 Ratings),Very Good,Elevator,Parking facility,Free Wifi
Townhouse 385 Navya International Ramamurthy Nagar Near BBMP Office,"Near Rammamurthynagar Police Station, Bangalore",₹1021,+ ₹162 taxes & fees,4.1,(2231 Ratings),Very Good,Electric Kettle,Free Wifi,AC
OYO Flagship 10435 Star Deluxe Lodge,"Near Dharmaraja Kovil Street, Banglore",₹646,+ ₹108 taxes & fees,3.6,(44 Ratings),Good,Geyser,Power backup,CCTV cameras
OYO 49996 JJ Comforts,"Near Rajerajeswari Temple, RR Nagar, Bengaluru",₹659,+ ₹119 taxes & fees,4.0,(443 Ratings),Very Good,Reception,Free Wifi,Power backup
OYO Townhouse 1178 Royal Encore,"Behind Manyata Tech Park Gate No.5, Rachenahalli main road Bangalore",₹806,+ ₹157 taxes & fees,4.5,(1150 Ratings),Excellent,AC,AC,TV
Collection O Hotel Tiara Near Christ university,"Tavarekere Main Rd, Bangalore",₹781,+ ₹124 taxes & fees,3.9,(554 Ratings),Good,Parking facility,Reception,Free Wifi
Collection O Hotel Manu,"Babusabpalya, Bangalore",₹840,+ ₹141 taxes & fees,4.4,(96 Ratings),Very Good,Elevator,Free Wifi,Geyser
Townhouse OAK Hotel Prime,"Near Karnataka Bank, Babusapalya Main Road, Bangalore",₹846,+ ₹172 taxes & fees,4.5,(604 Ratings),Excellent,Free Wifi,Power backup,Security
Super OYO Townhouse 1226 Chethana Clove Hebbal,", Bangalore",₹990,+ ₹159 taxes & fees,4.2,(1246 Ratings),Very Good,Free Wifi,Power backup,Daily housekeeping
Flagship Hotel Sln Residency,"Devanahalli, Bangalore",₹518,+ ₹102 taxes & fees,4.5,(168 Ratings),Excellent,Elevator,Free Wifi,Geyser
Sleek OYO Townhouse 442 Galexia Hotel and Resorts,"Jakkur Plantation, Bangalore",₹1087,+ ₹190 taxes & fees,4.6,(1694 Ratings),Excellent,Private entrance,Reception,Public washroom
Capital O Hotel Shanti Nivas Near Hare Krishna Hill,"Near Yeshwanthpur , Sri Raghavendra Layout, Bangalore",₹687,+ ₹132 taxes & fees,4.2,(441 Ratings),Very Good,Free Wifi,Power backup,Daily housekeeping
SPOT ON Janapriya Lodge Near Hare Krishna Hill,"Bangalore Urban, Bangalore",₹536,+ ₹114 taxes & fees,4.0,(97 Ratings),Very Good,Doctor on call,Parking facility,Reception
OYO 71863 THE RED VELVET OPPOSITE NOVEL OFFICE MARATHAHALLI BRIDGE.,"Centrally Located, Near Liberty Showroom, Varthur Road, Bangalore",₹1137,+ ₹176 taxes & fees,4.5,(1669 Ratings),Excellent,Private entrance,Free Wifi,Power backup
Townhouse 106 Airport Road,"Near NRV Hospital, Vidya Nagar Cross, Bangalore",₹1137,+ ₹177 taxes & fees,5.0,(3158 Ratings),Fabulous,Reception,Free Wifi,Power backup
Super OYO Capital O High end Withinn Hotel Near Hare Krishna Hill,"Near NIAS, Mathikere Extension, Bangalore",₹1214,+ ₹196 taxes & fees,4.6,(633 Ratings),Excellent,Parking facility,Reception,Free Wifi
Super OYO Townhouse 1225 Chethana Inn,"560013, Bangalore",₹1005,+ ₹161 taxes & fees,4.2,(1190 Ratings),Very Good,Free Wifi,Daily housekeeping,TV
Collection O Sunshine Studio Rooms,"Thanisandra, Bangalore",₹496,+ ₹99 taxes & fees,4.0,(210 Ratings),Very Good,Free Wifi,Geyser,Power backup
Super OYO Townhouse 258 Spruce Hotels Bellandur,"Bellandur, Bangalore",₹1452,+ ₹214 taxes & fees,4.6,(1259 Ratings),Excellent,Coffee/tea maker,Free Wifi,Daily housekeeping
Capital O Pv Residency Near Nagasandra Metro Station,"Near Sapthagiri engineering college, Jalahalli - West, Bengaluru",₹553,+ ₹96 taxes & fees,3.3,(124 Ratings),Fair,Free Wifi,,
Collection O Naidu Palace Near Iskcon Temple Bangalore,"Near Dhobi Ghat junction, Rajajinagar, Bangalore",₹942,+ ₹153 taxes & fees,4.2,(894 Ratings),Very Good,Private entrance,Doctor on call,Reception
Townhouse Oak JVH hotel (Next to Mysore Road Metro Station),"India, Bangalore",₹775,+ ₹133 taxes & fees,4.9,(1094 Ratings),Fabulous,Ticket tour assistance,Reception,Caretaker
Super OYO Townhouse Reva College University (BLR3290),"India, Bangalore",₹1031,+ ₹164 taxes & fees,4.9,(1899 Ratings),Fabulous,Elevator,Reception,Free Wifi
Collection O Hotel 29 Church's Inn Near Cubbon Park,"Bangalore City Center, Bangalore",₹1052,+ ₹156 taxes & fees,5.0,(316 Ratings),Fabulous,Parking facility,Elevator,Free Wifi
Collection O Cka Boarding And Lodging,"Yelahanka, Bangalore",₹544,+ ₹105 taxes & fees,4.3,(49 Ratings),Very Good,Elevator,Free Wifi,Geyser
OYO The Purple Orchid Stay,"India, Bangalore",₹627,+ ₹115 taxes & fees,3.9,(471 Ratings),Good,Reception,Free Wifi,Geyser
Collection O Hotel Marella Grand Inn,"Uttarahalli main road RR Nagar, Bangalore",₹686,+ ₹122 taxes & fees,4.8,(11 Ratings),Excellent,Elevator,Free Wifi,Geyser
Super OYO Collection O Sabharwal Residency Near Lalbagh Botanical Garden,"Opposite Shanthinagar, Bangalore",₹963,+ ₹156 taxes & fees,4.3,(1125 Ratings),Very Good,Elevator,Free Wifi,Geyser
OYO White Pearl Resort,"82, Bangalore",₹508,+ ₹91 taxes & fees,4.0,(259 Ratings),Very Good,Free Wifi,Geyser,Power backup
OYO 9528 Midas Casita,"Near Quickr Office, P & T layout, Bangalore",₹525,+ ₹113 taxes & fees,4.3,(417 Ratings),Very Good,Hair Dryer,Reception,Free Wifi
SPOT ON R K Residency,"Bangalore , Bangalore",₹410,+ ₹89 taxes & fees,3.7,(54 Ratings),Good,Free Wifi,Geyser,Power backup
Collection O Manyata Palace,"Near Manyata Tech Park Gate 4, Bangalore",₹660,+ ₹129 taxes & fees,4.5,(886 Ratings),Excellent,Parking facility,Ticket tour assistance,Reception
Collection O Silver Key Hotel,"Huskur Road, Bangalore",₹935,+ ₹152 taxes & fees,4.6,(92 Ratings),Excellent,Elevator,Free Wifi,Geyser
OYO Orange Residency,"Near Acharaya Institute, Chickabanawara, Bangalore",₹499,+ ₹100 taxes & fees,3.4,(129 Ratings),Fair,Reception,Free Wifi,Power backup
Flagship White Fort,"Dispensary Rd, Kalasipalya,Bangalore",₹555,+ ₹107 taxes & fees,4.3,(533 Ratings),Very Good,Parking facility,Elevator,Free Wifi
OYO Petuni Boutique Modern Chic Hotel,"Silver Springs Layout, Bangalore",₹933,+ ₹182 taxes & fees,4.5,(764 Ratings),Excellent,Elevator,Free Wifi,Geyser
OYO Flagship 814835 MANYATA INN SERVICE APARTMENT,"Karnataka , Bangalore",₹365,+ ₹84 taxes & fees,3.5,(55 Ratings),Good,Free Wifi,Geyser,Power backup
Townhouse 1222 Rlv Green Palace,"Kengeri Satellite Townnull, Bangalore",₹963,+ ₹156 taxes & fees,4.7,(449 Ratings),Excellent,Parking facility,Reception,Free Wifi
OYO Corner Golf View Near Embassy Golf Link Business Park,"Domlur, Bangalore",₹768,+ ₹142 taxes & fees,4.7,(936 Ratings),Excellent,Cot,Power backup,Bedside Table / Desk
Super OYO Collection O Petals Otium Business Hotel,"Jakkur Main Road, Bangalore",₹768,+ ₹132 taxes & fees,4.4,(805 Ratings),Very Good,Elevator,Free Wifi,Geyser
Super OYO Capital O Premium Hotel La Prosperite Near Royal Meenakshi Mal,"Near Nano Hospital, Bannerghatta Road, Bangalore",₹1193,+ ₹183 taxes & fees,4.6,(933 Ratings),Excellent,Parking facility,Reception,Free Wifi
Collection O Dhruvas Residency,"Kannuru, Bangalore",₹553,+ ₹96 taxes & fees,4.1,(124 Ratings),Very Good,Doctor on call,Reception,Ticket tour assistance
Grand Collection O Near Sarjapur Road Near 7d Voyage,"Near Amrita School of Engineering, Bangalore",₹1076,+ ₹189 taxes & fees,4.9,(1558 Ratings),Fabulous,Parking facility,Reception,Free Wifi
OYO Flagship 69694 Sagar Comforts,"Near Cafe Republic, Kattigenahalli, Bangalore",₹563,+ ₹108 taxes & fees,3.2,(56 Ratings),Fair,Elevator,Free Wifi,Geyser
OYO Green Residency,"Near Gardencity Super Market, Bangalore",₹499,+ ₹100 taxes & fees,3.3,(100 Ratings),Fair,Reception,Free Wifi,Geyser
Capital O Hotel 24 Near opposite of Sagar Hospital,"Near SR Krishnappa Garden, Swagath Road, Bangalore",₹881,+ ₹176 taxes & fees,4.3,(1269 Ratings),Very Good,Reception,Free Wifi,Power backup
Flagship Krs Comforts,"S.A. Mohan Nagar, Bangalore",₹495,+ ₹99 taxes & fees,3.6,(32 Ratings),Good,Elevator,Free Wifi,Geyser
SPOT ON 76191 Sahara Lodge,"Yeshwanthapura, Bangalore",₹410,+ ₹89 taxes & fees,4.6,(541 Ratings),Excellent,Reception,Free Wifi,Geyser
OYO Home Leva Homes Near Baiyappanahalli Metro Station,"Mahadevapura Zone, Bangalore",₹641,+ ₹127 taxes & fees,3.7,(722 Ratings),Good,Private entrance,Elevator,Free Wifi
SPOT ON Sneha Boarding And Lodging,"Plot No 131/14  Hijjala Village Bidadi Hobli, Bangalore",₹321,+ ₹78 taxes & fees,5.0,(1 Ratings),Fabulous,Free Wifi,Geyser,Power backup
SPOT ON Sri Balaji,"210 Channasandra Main Road, Bangalore",₹410,+ ₹89 taxes & fees,3.9,(9 Ratings),Good,Elevator,Free Wifi,Geyser
OYO Flagship 814518 Surya Rooms,"Karnataka , Bangalore",₹499,+ ₹100 taxes & fees,4.8,(3 Ratings),Excellent,Elevator,Free Wifi,Geyser
OYO K N Residency,"Near REVA University, Masjid Road, Kattigenahalli",₹636,+ ₹126 taxes & fees,3.9,(434 Ratings),Good,Reception,Free Wifi,Power backup
OYO Home Compact Studio Kr Puram Near Phoenix Marketcity,"K R Puram, Bangalore",₹846,+ ₹152 taxes & fees,4.1,(550 Ratings),Very Good,Private entrance,Elevator,Free Wifi
Townhouse 040 Global Village Tech Park Near Kengeri Bus Terminal Metro Station,"Near Global Tech Park, Rr Nagar, Bangalore",₹1507,+ ₹221 taxes & fees,4.8,(986 Ratings),Excellent,Elevator,Free Wifi,CCTV cameras
OYO Hotel Pmr Near Ascendas Park Square Mall,"Near Thalaserry Restaurant, Prasanth Layout, Bangalore",₹856,+ ₹143 taxes & fees,4.0,(1041 Ratings),Very Good,Parking facility,Elevator,Free Wifi
OYO Hotel Subha Residency Near Cubbon Park,"Majestic, Bangalore",₹952,+ ₹164 taxes & fees,4.4,(1223 Ratings),Very Good,TV,Free Wifi,Geyser
OYO Flagship Raj Residency,", Bangalore",₹574,+ ₹109 taxes & fees,4.1,(71 Ratings),Very Good,Free Wifi,Geyser,Power backup
OYO Hotel Ramana Inn Near Hare Krishna Hill,"Near Apollo Phaacy, Mathikere Main Road, Bangalore",₹499,+ ₹100 taxes & fees,3.4,(181 Ratings),Fair,Parking facility,Reception,Free Wifi
OYO Flagship Hotel Sunil Residency,"West Of Chord Road, Shivanagar, Bangalore",₹627,+ ₹115 taxes & fees,3.6,(61 Ratings),Good,Elevator,Free Wifi,Geyser
Townhouse Boutique Design 363 Sarjapur Near 7D Voyage,"Near Aet College Junction, Gear Road, Bangalore",₹1239,+ ₹189 taxes & fees,4.0,(1475 Ratings),Very Good,Free Wifi,CCTV cameras,Daily housekeeping
Flagship Hotel Paradise Inn,"Marathahalli, Bangalore",₹832,+ ₹140 taxes & fees,3.7,(638 Ratings),Good,Reception,Free Wifi,Power backup
OYO Varcity Emerald Near Ragigudda Sri Prasanna Anjaneyaswamy Temple,"Near KEB Colony, BTM Layout 1, Bangalore",₹701,+ ₹124 taxes & fees,3.8,(371 Ratings),Good,Reception,Free Wifi,Power backup
OYO Flagship 23427 Ashrey Stays,"Singasandra, Bangalore",₹625,+ ₹115 taxes & fees,4.0,(149 Ratings),Very Good,Parking facility,Reception,Free Wifi
Super OYO Capital O Choice Regal Suites Near Ragigudda Sri Prasanna Anjanayeswamy Temple,"Centrally Located, Near Sagar Hospital, Hombegowda Nagar, Bangalore",₹932,+ ₹162 taxes & fees,4.2,(272 Ratings),Very Good,Hair Dryer,Parking facility,Reception
Atithi Residency,"Near Udupi bhavan, Attibele, Bangalore",₹727,+ ₹157 taxes & fees,3.4,(46 Ratings),Fair,Parking facility,Free Wifi,Power backup
SPOT ON A Class Suites Near Hare Krishna Hill,"Bangalore Urban, Bangalore",₹669,+ ₹110 taxes & fees,5.0,(763 Ratings),Fabulous,TV,Reception,Wakeup service
OYO Flagship Pns Royals,"Bidadi, Bangalore",₹678,+ ₹121 taxes & fees,5.0,(5 Ratings),Fabulous,Elevator,Free Wifi,Geyser
OYO Flagship 77067 P N K Suites,"Bangalore Urban, Bangalore",₹508,+ ₹91 taxes & fees,3.5,(56 Ratings),Good,AC,TV,
Townhouse OAK Passport Inn,"Hunasamaranahalli, Bangalore",₹789,+ ₹135 taxes & fees,3.6,(6 Ratings),Good,Reception,Free Wifi,Power backup
OYO PALMS INN ROOMS,"Near Nagawara Manyata Tech Park, Bangalore",₹616,+ ₹114 taxes & fees,3.9,(36 Ratings),Good,Free Wifi,Geyser,Power backup
OYO Flagship SGR Residency,"null, Bangalore",₹717,+ ₹126 taxes & fees,4.3,(97 Ratings),Very Good,Free Wifi,Geyser,Power backup
OYO Varcity Comforts Near Ragigudda Sri Prasanna Anjaneyaswamy Temple,"B T M Layout, Bangalore",₹771,+ ₹132 taxes & fees,4.0,(1196 Ratings),Very Good,Elevator,Free Wifi,Geyser
SPOT ON Sri Nataraja Lodge,"Ramachandrapuram Main road near Sujata theatre opp lulu mall, Bangalore",₹499,+ ₹100 taxes & fees,4.1,(64 Ratings),Very Good,Free Wifi,Geyser,Power backup
OYO Flagship Olivia Comforts Near Nexus Mall Koramangala,"Near Eat Street, Kormangala, Bangalore",₹819,+ ₹128 taxes & fees,4.1,(986 Ratings),Very Good,Reception,Free Wifi,Power backup
Collection O Canton Hotel Near Vajarahalli Metro Station,"Banashankari 5th Stage, Bangalore",₹848,+ ₹142 taxes & fees,4.4,(141 Ratings),Very Good,Elevator,Free Wifi,Geyser
Flagship New Town House,"Nagarbhavi, Bangalore",₹780,+ ₹134 taxes & fees,4.3,(380 Ratings),Very Good,Elevator,Free Wifi,Geyser
OYO Hotel Blue Inn,"Near Bilal masjid, Gurappanapalya, Bangalore",₹663,+ ₹120 taxes & fees,3.5,(1010 Ratings),Good,Reception,Free Wifi,Power backup
Collection O 85404 Valleyton Park,"Near Manyata Tech Park,HBR Layout,Outer Ring Road,Bangalore",₹1239,+ ₹189 taxes & fees,4.2,(374 Ratings),Very Good,Parking facility,Ticket tour assistance,Reception
Super OYO GN Collection O Near Rajajinagar Industrial Estate,"Centrally Located, Near A D Halli Park, Housing Board, Bangalore",₹762,+ ₹141 taxes & fees,4.1,(637 Ratings),Very Good,Reception,Free Wifi,Power backup
Collection O Hotel Royalax,"Karnataka , Bangalore",₹767,+ ₹132 taxes & fees,3.9,(125 Ratings),Good,Elevator,Free Wifi,Geyser
Super OYO Capital O Prince Venue,"Thanisandra Main Road Rachenahalli Manyatha Back Gate No 5 Opposite Road Pnt Layout 4cross, Bangalore",₹929,+ ₹151 taxes & fees,4.3,(849 Ratings),Very Good,Reception,Free Wifi,Geyser
OYO Flagship Kolar Park,"Near Antharagange Caves , Bangalore",₹822,+ ₹139 taxes & fees,4.5,(27 Ratings),Excellent,Free Wifi,Geyser,Power backup
Capital O Atithi Residency Near 7D Voyage,"Sarjapur Road, Bangalore",₹1216,+ ₹176 taxes & fees,4.4,(561 Ratings),Very Good,Living Room,Reception,Washing Machine
SPOT ON S3 Comforts Near Sri Amruth Chithra Mandira,"Diagonally Opp Sri Krishna Nandagokula Hotel, Bangalore",₹617,+ ₹124 taxes & fees,3.7,(87 Ratings),Good,TV,,
Super OYO Townhouse 273 Hosur Main Road Bommanahalli Near Gopalan Innovation Mall,"Near krishna Theature Bommanahalli, Hosur main road, Bangalore",₹1711,+ ₹255 taxes & fees,4.8,(1775 Ratings),Excellent,Parking facility,Reception,Free Wifi
Oyo Flagship Sri Chowdeshwari Boarding And Lodging,"Kadabagere Cross, Bangalore",₹499,+ ₹100 taxes & fees,5.0,(1 Ratings),Fabulous,Free Wifi,Geyser,Power backup
Capital O Blooms Stay Inn Near Snow City,"Bangalore Urban, Bangalore",₹1040,+ ₹175 taxes & fees,4.5,(409 Ratings),Excellent,Doctor on call,Private entrance,Parking facility
OYO Flagship 13121 Sai Kuteer Near Ragigudda Sri Prasanna Anjaneyaswamy Temple,"Near MG school, Bilekahalli , Bangalore",₹743,+ ₹159 taxes & fees,4.0,(98 Ratings),Very Good,Parking facility,Reception,Free Wifi
Collection O The Grand Budget Hotel,"Karnataka , Bangalore",₹812,+ ₹137 taxes & fees,3.8,(130 Ratings),Good,Free Wifi,AC,TV
SPOT ON Anugraha Residency,"Ramanagar, Bangalore",₹479,+ ₹97 taxes & fees,4.3,(5 Ratings),Very Good,AC,TV,
OYO Flagship Hotel Malnad Grand Inn,"Kaniminike, Bangalore",₹515,+ ₹102 taxes & fees,2.9,(10 Ratings),Fair,AC,TV,
Manyata Tech Park,"Behind Manyata Tech Park Gate No.4, Rachenahalli ,Bangalore",₹603,+ ₹112 taxes & fees,3.9,(583 Ratings),Good,Free Wifi,Geyser,Power backup
Flagship Manu Residency Near Ascendas Park Square Mall,"Near, Sbi Bank Kadugodi, Opposite Sbi, Bangalore",₹687,+ ₹122 taxes & fees,3.7,(758 Ratings),Good,Parking facility,Free Wifi,Geyser
Collection O N R Residency Near Deepanjali Nagar Metro Station,Opposite Satelite Bus Stand Bapujinagar Mysore Road Bangalore 560026,₹1112,+ ₹173 taxes & fees,4.7,(533 Ratings),Excellent,Parking facility,Ticket tour assistance,Reception
Super OYO Capital O N R Residency,"Near Reva University, Yelahanka, Bangalore",₹1017,+ ₹172 taxes & fees,4.7,(349 Ratings),Excellent,Reception,Security,24/7 check-in
Capital O Hotel Royal Galaxy Finesse Near Phoenix Marketcity,"Bangalore Urban, Bangalore",₹768,+ ₹142 taxes & fees,3.5,(901 Ratings),Good,Reception,Free Wifi,In-house Restaurant
Super OYO Townhouse OAK Spruce Hotels A2 Indiranagar,"India, Bangalore",₹1741,+ ₹210 taxes & fees,4.4,(1424 Ratings),Very Good,Free Wifi,Daily housekeeping,AC
OYO Flagship 92604 Sp Residency Near Ragigudda Sri Prasanna Anjaneyaswamy Temple,"Btm 2nd Stage, Bangalore",₹779,+ ₹123 taxes & fees,4.0,(235 Ratings),Very Good,Elevator,Free Wifi,Geyser
SPOT ON Hotel Sri Thirumala Lodge,"Opp BHEL, Bangalore",₹582,+ ₹110 taxes & fees,4.8,(861 Ratings),Excellent,Free Wifi,Geyser,Power backup
Flagship Hotel Ss Grand,"Bangalore South, Bangalore",₹699,+ ₹124 taxes & fees,4.3,(41 Ratings),Very Good,Reception,Free Wifi,Power backup
OYO Hotel Elite Lifestyle Red Rose Near 7d Voyage,"Opp R C Sai Neeketan Apartment, Bangalore",₹717,+ ₹126 taxes & fees,3.6,(587 Ratings),Good,Reception,Ticket tour assistance,Caretaker
SPOT ON 811619 Fortuner Palace,"1st Stage, Bangalore",₹410,+ ₹89 taxes & fees,3.6,(120 Ratings),Good,AC,TV,
Collection O Hotel 1089 Olive,"Bagalur Road Yelahanka, Bangalore",₹646,+ ₹107 taxes & fees,3.7,(30 Ratings),Good,Elevator,Free Wifi,Geyser
Collection O 73565 J J Global Exotics Stays,"Near RV COLLEGE, BEML Layout, Bangalore",₹912,+ ₹160 taxes & fees,3.9,(22 Ratings),Good,Parking facility,Reception,Free Wifi
OYO Flagship Varcity Pearl Near Nexus Mall Koramangala,"Near Forum Mall, Koramangala, Bangalore",₹930,+ ₹152 taxes & fees,4.0,(2066 Ratings),Very Good,Elevator,Free Wifi,Geyser
SPOT ON Heaven Co-living,"Pattandur Agraharanull, Bangalore",₹604,+ ₹112 taxes & fees,4.3,(9 Ratings),Very Good,Elevator,24x7 Facility Manager,Free Wifi
OYO Hotel Townhall,"Near Dhanlakshmi Bank, JC Road, Bangalore",₹702,+ ₹134 taxes & fees,4.0,(795 Ratings),Very Good,Parking facility,Elevator,Free Wifi
OYO Townhouse 332 Varthur Main Road Near Nexus Whitefield (The Forum Neighbourhood Mall),"Whitefield, Bangalore",₹1195,+ ₹213 taxes & fees,4.1,(407 Ratings),Very Good,Free Wifi,TV,AC
Collection O SMK Boarding & Lodging,"Bagalur Budigere Rd, Bangalore",₹544,+ ₹105 taxes & fees,5.0,(3 Ratings),Fabulous,Free Wifi,Geyser,Power backup
OYO Townhouse 77 Hotel Room Stories Near RNS Engineering College Rajarajeshwari Nagar,"BEML Layout, Near RNS Engineering college, Rajarajeshwari Nagar, Bangalore",₹862,+ ₹144 taxes & fees,3.5,(150 Ratings),Good,AC,TV,
SPOT ON Hotel Aryan Residency,"West Zone, Bangalore",₹653,+ ₹148 taxes & fees,4.4,(19 Ratings),Very Good,Reception,Free Wifi,Geyser
Collection O Executive Stays Basapura,"Near Electronic City, Basapura Hosur Road, Bangalore",₹714,+ ₹136 taxes & fees,4.0,(1500 Ratings),Very Good,Parking facility,Free Wifi,Power backup
Capital O Swayamkrushi Arcade,"Rajarajeshwari Nagar Zone, Bangalore",₹569,+ ₹98 taxes & fees,3.5,(112 Ratings),Good,Free Wifi,AC,TV
OYO The Royal International Hotel,"Near Robert Bosch Company, Mangammanapalya, Bangalore",₹662,+ ₹120 taxes & fees,3.5,(1409 Ratings),Good,Parking facility,Reception,Free Wifi
OYO Flagship Shri Sai Palace,"Wonderla Gatenull, Bangalore",₹664,+ ₹120 taxes & fees,4.8,(37 Ratings),Excellent,Free Wifi,Geyser,Power backup
Super OYO Townhouse 071 Brookfield Near Brigade Tech Garden,"Near Naryana PU college, BEML Layout, Bangalore",₹2128,+ ₹295 taxes & fees,4.6,(3678 Ratings),Excellent,Private entrance,Parking facility,Reception
Capital O VMK Paradise,"India , Bangalore",₹742,+ ₹129 taxes & fees,3.9,(458 Ratings),Good,Living Room,Reception,Free Wifi
SPOT ON Vasavi Residency,"Bangalor, Bangalore",₹436,+ ₹92 taxes & fees,3.4,(50 Ratings),Fair,Free Wifi,Geyser,Power backup
OYO Flagship V R Residency Near Sri Amruth Chithra Mandira,"Centrally Located, Near 4th block, HBR Layout, Bangalore",₹733,+ ₹128 taxes & fees,3.7,(134 Ratings),Good,Elevator,Free Wifi,Geyser
Super OYO Hotel Resida Elite Service Apartments Near Manipal hospital,"Near Domlur Bridge, Indiranagar, Bangalore",₹1258,+ ₹211 taxes & fees,5.0,(975 Ratings),Fabulous,Parking facility,Free Wifi,Power backup
OYO Flagship Varcity Phi Premium Pavilion Near Ragigudda Sri Prasanna Anjanayeswamy Temple,"B T M Layout, Bangalore",₹1024,+ ₹163 taxes & fees,4.5,(2917 Ratings),Excellent,Living Room,Washing Machine,Balcony
OYO Flagship Pallavi Nilayam,"Near MJ infra, singasamdra, Bangalore",₹746,+ ₹140 taxes & fees,4.4,(336 Ratings),Very Good,Reception,Free Wifi,Power backup
Santa Maria Near Indiranagar Metro Station,"Jeevan Bhima Nagar, Bangalore",₹862,+ ₹144 taxes & fees,4.3,(730 Ratings),Very Good,Hair Dryer,Reception,Free Wifi
SPOT ON Zois Nest,"No 422/732 Ananthanagara Near Star Market 8th Cross Bangalore Electronic City Phase 2, Bangalore",₹544,+ ₹105 taxes & fees,3.9,(326 Ratings),Good,Elevator,Free Wifi,Geyser
Capital O Elite Stay Jp Nagar Near SRI SATHYA GANAPATHI SHIRDI SAIBABA Temple,"6th Phase, Bangalore",₹641,+ ₹117 taxes & fees,3.5,(958 Ratings),Good,Free Wifi,AC,Attached Washroom
OYO The New Golden Keys Near Kengeri Bus Terminal Metro Station,"Near BGS Hospital, Uttarahalli Main Road, Bangalore",₹531,+ ₹134 taxes & fees,2.6,(15 Ratings),Fair,Hair Dryer,Parking facility,Free Wifi
"OYO Aster Vue Hotel ,Near K R Puram , Bhattarahalli Signal","Battarahalli, Bangalore",₹709,+ ₹135 taxes & fees,3.5,(383 Ratings),Good,Free Wifi,Geyser,Power backup
Capital O Manyata Sterling,"Near Manyata Tech Park,Mesthri Palya, Bangalore",₹830,+ ₹160 taxes & fees,3.9,(164 Ratings),Good,Parking facility,Reception,Free Wifi
Collection O Veritas Grand,"Thanisandra, Bangalore",₹706,+ ₹125 taxes & fees,4.1,(138 Ratings),Very Good,Elevator,Free Wifi,Geyser
OYO Vr Residency,"Ramanagara District, Bangalore",₹678,+ ₹121 taxes & fees,3.3,(7 Ratings),Fair,Doctor on call,Parking facility,Reception
"Capital O Royal Keys Near Brookfield Mall, AECS Layout","Near ITPL Main Rd, AECS Layout, Bengaluru",₹1209,+ ₹195 taxes & fees,4.3,(1190 Ratings),Very Good,Reception,Free Wifi,Caretaker
OYO Royal Inn Near Iskcon Temple Bangalore,"Near 14th Main Road, Rajaji Nagar, Bangalore",₹478,+ ₹127 taxes & fees,3.5,(141 Ratings),Good,Reception,Free Wifi,Power backup
Super OYO Collection O Global Stay Near Kengeri Bus Terminal Metro Station,"R V Layout, Bangalore",₹1412,+ ₹240 taxes & fees,4.7,(726 Ratings),Excellent,Elevator,Parking facility,Free Wifi
Collection O Hotel Blueberry Near 7D Voyage,"Near Lane 11, Bengaluru, Bangalore",₹1099,+ ₹172 taxes & fees,4.0,(526 Ratings),Very Good,Parking facility,Reception,Free Wifi
Collection O Srinidhi Inn,"Attur Layout, Bangalore",₹921,+ ₹151 taxes & fees,4.8,(21 Ratings),Excellent,Free Wifi,Geyser,Power backup
OYO Townhouse Boutique Hotel 242 Sarjapur Road,"Near Wipro New Office, Kodathi, Bengaluru",₹1233,+ ₹188 taxes & fees,3.7,(465 Ratings),Good,Free Wifi,Power backup,CCTV cameras
Collection O 3664 Hotel Shivaals Residency,"Rajajinagar, Bangalore",₹782,+ ₹124 taxes & fees,3.8,(43 Ratings),Good,Doctor on call,Parking facility,Reception
Flagship Chalukya Comforts,"kengeri satellite Town, Bangalore",₹499,+ ₹100 taxes & fees,3.2,(56 Ratings),Fair,Elevator,Free Wifi,Geyser
Super OYO Capital O Savi International Near Bengaluru Palace,"Near Mantri Square Mall, Sheshadripuram, Bangalore",₹1191,+ ₹193 taxes & fees,4.2,(321 Ratings),Very Good,Reception,Free Wifi,Caretaker
OYO Shree Mookambika Guest House Near Sri Someshwara Swami Temple,"Kormangla, Bangalore",₹808,+ ₹147 taxes & fees,4.4,(560 Ratings),Very Good,Hair Dryer,Free Wifi,AC
Capital O Gn Suites Near OM SHAKTHI TEMPLE,"Near Sub Registrar Office, Banaswadi, Bangalore",₹979,+ ₹147 taxes & fees,4.0,(569 Ratings),Very Good,Reception,Power backup,24/7 check-in
OYO Townhouse 159 Sarjapur Ace Hotel,"Near Doddakannelli, Bangalore",₹1373,+ ₹205 taxes & fees,4.2,(931 Ratings),Very Good,Doctor on call,Reception,Power backup
Capital O Tierra Woods Manyata,"Manyata Gate No.5, Rachenahalli Main Road",₹776,+ ₹123 taxes & fees,3.9,(254 Ratings),Good,Doctor on call,Reception,Ticket tour assistance
Super OYO Townhouse 264 - Q Rooms BTM Layout Near Gopalan Innovation Mall,"Near BTM Water Tank, Mico Layout, Bangalore",₹1592,+ ₹231 taxes & fees,4.8,(1062 Ratings),Excellent,Private entrance,Reception,Free Wifi
Royal Bliss International,"Near Brand Factory, Bilekahalli, Bangalore",₹767,+ ₹142 taxes & fees,3.6,(303 Ratings),Good,Parking facility,Free Wifi,Power backup
OYO Flagship Together,"Bangalore South, Bangalore",₹873,+ ₹145 taxes & fees,4.0,(706 Ratings),Very Good,Reception,Free Wifi,Power backup
OYO Flagship Manjushree Boarding & Lodging nearby Dr.BR Ambedkar Stadium  Basveshwar nagar,"Basaveshwar Nagar, Bangalore",₹607,+ ₹113 taxes & fees,4.2,(58 Ratings),Very Good,Elevator,Free Wifi,Geyser
OYO Flagship NEW TOWNHOUSE,"Shivanahalli 2nd Stage, Bangalore",₹609,+ ₹113 taxes & fees,3.6,(104 Ratings),Good,Free Wifi,Geyser,Power backup
Flagship Peenya Gymkhana,"Peenya Industrial Areanear Nttf Circle, Bangalore",₹670,+ ₹120 taxes & fees,3.8,(105 Ratings),Good,Free Wifi,Geyser,Power backup
Collection O Hotel Ashraya Paradise,"Rajajinagar, Bangalore",₹832,+ ₹140 taxes & fees,4.6,(66 Ratings),Excellent,Elevator,Free Wifi,Geyser
OYO Sri Ranganatha Boarding And Lodging,"Bangalore Urban, Bangalore",₹526,+ ₹103 taxes & fees,3.8,(30 Ratings),Good,Reception,Public washroom,Caretaker
Capital O Champion Lotus Near Mantri Square Mall,"Near IIFT, Vijayanagar, Bangalore",₹1122,+ ₹185 taxes & fees,4.3,(925 Ratings),Very Good,Reception,Power backup,Security
Collection O Pride Manyata,"Near Manyatha Tech Park, P & T Layout, Bangalore",₹617,+ ₹114 taxes & fees,3.6,(326 Ratings),Good,Private entrance,Parking facility,Reception
Collection O Hotel Alfa Inn,"Koramangala, Bangalore",₹608,+ ₹113 taxes & fees,3.3,(32 Ratings),Fair,Elevator,Free Wifi,Geyser
Flagship Elite Stay Near Sri Sathya Ganapathi Shirdi Saibaba Temple,"Jp Nagar, Bangalore",₹659,+ ₹119 taxes & fees,3.5,(232 Ratings),Good,Elevator,Geyser,Power backup
OYO 29402 Subharaga Hotel,"Near Manyata Tech Park, Telecom Layout, Bangalore",₹567,+ ₹108 taxes & fees,3.8,(22 Ratings),Good,Hair Dryer,Free Wifi,Caretaker
SPOT ON Chaluva Boarding& Lodging,"Srigandadakaval., Bangalore",₹506,+ ₹101 taxes & fees,4.1,(18 Ratings),Very Good,Free Wifi,Geyser,Power backup
OYO Flagship 79381 DM Residency Near Goraguntepalya Metro Station,"Rajarajeshwari Nagar Zone, Bangalore",₹499,+ ₹100 taxes & fees,3.7,(62 Ratings),Good,Reception,Free Wifi,Caretaker
SPOT ON Hotel Slv Boarding & Lodging,"Anekal Taluk, Bangalore",₹410,+ ₹89 taxes & fees,3.6,(82 Ratings),Good,Free Wifi,Geyser,Power backup
Collection O Status Suites,"Bangalore , Bangalore",₹973,+ ₹157 taxes & fees,3.9,(105 Ratings),Good,Elevator,Free Wifi,Geyser
OYO Mn Residency Near Ragigudda Sri Prasanna Anjaneyaswamy Temple,"Madiwala,  South Zone, Bengaluru, Bangalore South, Bangalore Urban, Karnataka, - 560034, India Bangalore.",₹846,+ ₹151 taxes & fees,4.2,(474 Ratings),Very Good,Doctor on call,Parking facility,Reception
Flagship Shri Sai Boarding And Lodging Near Nagasandra Metro Station,"Nelagadaranahalli Village , Bangalore",₹499,+ ₹100 taxes & fees,3.6,(97 Ratings),Good,Free Wifi,Extra Mattress Possible,Geyser
OYO Ganesh Lodge,"Hobli, Bangalore",₹463,+ ₹96 taxes & fees,NEW,,,Free Wifi,Geyser,Power backup
Collection O Royal Ruby Hotel Electronic City Phase 1,"Electronics City Phase 1, Bangalore",₹609,+ ₹113 taxes & fees,3.6,(38 Ratings),Good,Elevator,Free Wifi,Geyser
Capital O Spf Palace,"Near Chandapura Market, Anekal, Bangalore",₹818,+ ₹168 taxes & fees,4.0,(391 Ratings),Very Good,Parking facility,Free Wifi,Power backup
Capital O Victorian Comforts Near Sri Someshwara Swami Temple,"Near Adams Creation, Victoria Layout, Bangalore",₹1064,+ ₹168 taxes & fees,3.8,(949 Ratings),Good,Reception,Free Wifi,Power backup
SPOT ON Shree Sai Comforts,"no 4/1 mantap grama gigani hobali, Bangalore",₹410,+ ₹89 taxes & fees,3.4,(35 Ratings),Fair,Elevator,Free Wifi,Geyser
OYO Emara Residency,"Bangalore Southnull, Bangalore",₹739,+ ₹129 taxes & fees,3.7,(475 Ratings),Good,Reception,Free Wifi,Geyser
Collection O Daivik Sunset Suites,"Hegganahalli Peenya 2nd stage, Bangalore",₹839,+ ₹141 taxes & fees,4.7,(4 Ratings),Excellent,Elevator,Free Wifi,Geyser
Collection O Hotel Emara Inn Near Ascendas Park Square Mall,"Belathur Main Roadnull, Bangalore",₹542,+ ₹105 taxes & fees,3.6,(53 Ratings),Good,Parking facility,Free Wifi,Geyser
Collection O Druvin Boutique Hotel,", Bangalore",₹669,+ ₹120 taxes & fees,2.7,(11 Ratings),Fair,Reception,Caretaker,Power backup
OYO Flagship Metro Inn Rooms,"Rachenahalli Main road, Bangalore",₹499,+ ₹100 taxes & fees,3.8,(16 Ratings),Good,Elevator,Free Wifi,Geyser
Flagship Gn Nelli Suites,"Old Madras Road Banglore, Bangalore",₹573,+ ₹99 taxes & fees,3.4,(260 Ratings),Fair,Elevator,Free Wifi,Geyser
OYO Nr Comfort,Opposite to Life Care Hospital,₹828,+ ₹169 taxes & fees,4.5,(25 Ratings),Excellent,Doctor on call,Reception,Ticket tour assistance
Flagship Honnagiri Residency,"Kaveri Nagar, Bangalore",₹514,+ ₹92 taxes & fees,3.5,(53 Ratings),Good,Parking facility,Free Wifi,Geyser
OYO Flagship NR Residency Near Nexus Mall Koramangala,"Near Teacher's colony Park, Jakkasandra, Bangalore",₹745,+ ₹129 taxes & fees,3.2,(232 Ratings),Fair,Elevator,Reception,Free Wifi
"OYO Flagship Vasudha inn, Hoskote","Karnataka , Bangalore",₹1046,+ ₹166 taxes & fees,3.8,(63 Ratings),Good,Free Wifi,Geyser,Power backup
Super OYO Manyata Stay-In,"Beside Sri Sai pickle shop, Manyata Gate 5, Rachenahalli Main Road, 3rd cross P&t Layout, Bangalore",₹1254,+ ₹191 taxes & fees,4.8,(1535 Ratings),Excellent,Ticket tour assistance,Reception,Caretaker
OYO Pmr Elitestay Hotel Near Ascendas Park Square Mall,"Near Thallasary Restaurant, Prasanth Layout, Bangalore",₹804,+ ₹137 taxes & fees,3.3,(433 Ratings),Fair,Parking facility,Free Wifi,Bedside Table / Desk
OYO Flagship Gayathri Lodging & Boarding,"Mantri Layout, Bangalore",₹499,+ ₹100 taxes & fees,2.8,(6 Ratings),Fair,Elevator,Free Wifi,Geyser
Collection O Sln Suites,"Behind Baptist Hospital, Hebbal",₹1261,+ ₹191 taxes & fees,4.0,(33 Ratings),Very Good,Private entrance,Parking facility,Reception
SPOT ON Sri Ranganatha Boarding & Lodging,"Kamath Layout, Bangalore",₹544,+ ₹105 taxes & fees,5.0,(1 Ratings),Fabulous,Free Wifi,Geyser,Power backup
Flagship Mathrushree Bording And Lodging,Addiganahalli Bangalore,₹499,+ ₹100 taxes & fees,3.0,(57 Ratings),Fair,Elevator,Free Wifi,Geyser
OYO Flagship Hotel Shiva Shakthi Inn,"J P Nagar, Bangalore",₹699,+ ₹124 taxes & fees,4.0,(28 Ratings),Very Good,Elevator,Free Wifi,Geyser
Super OYO Townhouse 149 Siri Residency,"Bhuvaneswari Nagar, Bangalore",₹1425,+ ₹201 taxes & fees,4.4,(202 Ratings),Very Good,Free Wifi,Daily housekeeping,AC
OYO Chinthu Comforts,"Near Siddaganga Mata, Kythasandra, Bangalore",₹850,+ ₹142 taxes & fees,3.4,(26 Ratings),Fair,Private entrance,Reception,Free Wifi
OYO Flagship Surya Residency,"Near ITC Factory, Tarabanahalli, Bangalore",₹574,+ ₹109 taxes & fees,3.3,(151 Ratings),Fair,Hair Dryer,Parking facility,Free Wifi
OYO Flagship Sri Sai Lodge,"Karnataka 560090 danvantari complex, Bangalore",₹499,+ ₹100 taxes & fees,3.7,(12 Ratings),Good,Elevator,Free Wifi,Geyser
OYO Flagship Blooms Residency Near Baiyappanahalli Metro Station,"Bangalore East, Bangalore",₹1170,+ ₹190 taxes & fees,4.4,(447 Ratings),Very Good,Doctor on call,Hair Dryer,Parking facility
Flagship Hotel Royal Comfort Near Cubbon Park,"Gandhinagar, Bangalore",₹1233,+ ₹188 taxes & fees,4.1,(165 Ratings),Very Good,AC,TV,
Townhouse OAK Sky Inn Near Nagasandra Metro Station,"Sampangiramaiah Layout, Bangalore",₹1230,+ ₹188 taxes & fees,3.7,(194 Ratings),Good,Doctor on call,Reception,Ticket tour assistance
Collection O Vijaya Lakshmi Residency Near Ragigudda Sri Prasanna Anjaneyaswamy Temple,"5600011, Bangalore",₹729,+ ₹128 taxes & fees,3.6,(202 Ratings),Good,Doctor on call,Reception,Power backup
Townhouse 1249 Dharan Residency Bommasandra,", Bangalore",₹1056,+ ₹167 taxes & fees,4.0,(67 Ratings),Very Good,Free Wifi,Balcony,Cot
Collection O Sri Sapthagiri Near Phoenix Marketcity,"Old Madras Road, Near TC Palya Signal Kr puram, Bangalore",₹646,+ ₹108 taxes & fees,3.1,(38 Ratings),Fair,Elevator,Parking facility,Free Wifi
Collection O Tierra Woods,"Bangalore , Bangalore",₹900,+ ₹148 taxes & fees,4.1,(192 Ratings),Very Good,Elevator,Free Wifi,Geyser
Collection O Royal Elevar,"Dasarahalli, Bangalore",₹1127,+ ₹175 taxes & fees,4.3,(569 Ratings),Very Good,Elevator,Free Wifi,Geyser
Super OYO Townhouse 076 Hebbal,"Dasarahalli, Bangalore",₹847,+ ₹152 taxes & fees,4.1,(72 Ratings),Very Good,Doctor on call,Private entrance,Parking facility
SPOT ON Suparna Boarding And Lodging Hotel And Restaurant,"40/15 kachohalli chikkagollahatti Magadi main road opposite Royal oak, Bangalore",₹410,+ ₹89 taxes & fees,3.2,(10 Ratings),Fair,Free Wifi,Geyser,Power backup
OYO Flagship Nelli Suites,"E Block, Bangalore",₹963,+ ₹156 taxes & fees,4.1,(52 Ratings),Very Good,Parking facility,Reception,Free Wifi
OYO Jk Residency,"Near MMR Shopping Complex, Kammasandra, Bangalore",₹662,+ ₹129 taxes & fees,3.5,(35 Ratings),Good,Free Wifi,AC,TV
Collection O The Mass Residency By D2v,"Madiwala, Bangalore",₹812,+ ₹137 taxes & fees,3.6,(76 Ratings),Good,Elevator,Free Wifi,Geyser
Capital O The Udupi Park Boutique Hotel Near Ascendas Park Square Mall,"Bangalore Urban, Bangalore",₹1120,+ ₹194 taxes & fees,3.5,(102 Ratings),Good,Doctor on call,Reception,Free Wifi
Collection O  Emara Delight Executives Rooms,"Electronic Postnull, Bangalore",₹1087,+ ₹170 taxes & fees,4.3,(35 Ratings),Very Good,Elevator,Free Wifi,Geyser
OYO Flagship 812664 Slv Hotel,"Vidyaranyapura, Bangalore",₹499,+ ₹100 taxes & fees,3.5,(19 Ratings),Good,Elevator,Free Wifi,Geyser
Super OYO Collection O 73977 Malleswaram,"Near Bsnl Office, Emerald Residency, Bangalore",₹1585,+ ₹230 taxes & fees,4.3,(264 Ratings),Very Good,Free Wifi,Daily housekeeping,AC
OYO Mourya Residency,"Near Wonderla Gate, Mysore Road",₹676,+ ₹111 taxes & fees,3.9,(9 Ratings),Good,Reception,Free Wifi,Geyser
OYO VISHWAS LODGE,"PEENYA, Bangalore",₹514,+ ₹92 taxes & fees,3.0,(1 Ratings),Fair,Reception,Geyser,Daily housekeeping
OYO Sri Ranga Boarding & Lodging,"Yelahanka Hobli, Bangalore",₹671,+ ₹120 taxes & fees,4.5,(8 Ratings),Excellent,Free Wifi,Geyser,Power backup
Collection O High Inn,"Karnataka, Bangalore",₹573,+ ₹109 taxes & fees,3.3,(67 Ratings),Fair,Free Wifi,AC,TV
Flagship Hotel Amster Inn,"Near Mysore RD. Metro Station, FCI Layout, Bangalore",₹674,+ ₹121 taxes & fees,3.7,(98 Ratings),Good,Private entrance,Reception,Free Wifi
OYO Kings 10 Near Snow City,"Centrally Located, Near, HMT Layout Bus Stop, R.T.Nagar, Bangalore",₹1353,+ ₹192 taxes & fees,4.4,(336 Ratings),Very Good,Free Wifi,Daily housekeeping,AC
Collection O Sathyajyothi Comforts Near Deepanjali Nagar Metro Station,"Girinagar, Bangalore",₹961,+ ₹165 taxes & fees,4.2,(462 Ratings),Very Good,Reception,Free Wifi,Power backup
OYO Flagship Mathrushree Lodge,"ADDEVISHWANATHAPURA VILLAGE. BANGALORE URBAN DISTRICT., Bangalore",₹499,+ ₹100 taxes & fees,3.5,(30 Ratings),Good,Elevator,Free Wifi,Geyser
Collection O 49608 Champion Prince,"Near Indira Canteen, Nehru Nagar, Bengaluru",₹833,+ ₹140 taxes & fees,3.5,(43 Ratings),Good,Reception,Free Wifi,Power backup
Super OYO Townhouse OAK Clove Boutique Hotel Rajaji Nagar Near Lulu Mall Bengaluru,"4th Block, Rajaji Nagar, Bangalore",₹2046,+ ₹285 taxes & fees,4.9,(914 Ratings),Fabulous,Reception,Free Wifi,Caretaker
OYO Townhouse 238 Tierra Woods Near Halasuru Metro Station,"Halasuru, Bangalore",₹1702,+ ₹254 taxes & fees,4.3,(835 Ratings),Very Good,Doctor on call,Parking facility,Reception
SPOT ON M B R Guest House Near Ascendas Park Square Mall,"Opp To Sai Baba Ashram, Bangalore",₹450,+ ₹94 taxes & fees,3.3,(71 Ratings),Fair,Elevator,Geyser,Power backup
OYO Flagship Hmr Hotel Near Iskcon Temple Bangalore,"Rajajinagar, Bangalore",₹1083,+ ₹170 taxes & fees,5.0,(133 Ratings),Fabulous,Free Wifi,Geyser,Power backup
SPOT ON Radha Krishna Deluxe Lodge Near Cubbon Park,"Near Cottonpet Main Road, Bangalore",₹595,+ ₹111 taxes & fees,2.9,(195 Ratings),Fair,Reception,Free Wifi,Power backup
OYO Royal Grand Residency Near Lalbagh Botanical Garden,"Bangalore Karnataka, Bangalore",₹535,+ ₹114 taxes & fees,3.6,(258 Ratings),Good,Doctor on call,Reception,Ticket tour assistance
OYO Flagship Hotel Ayodhya,"Near Bangalore University, Bangalore",₹963,+ ₹156 taxes & fees,4.4,(72 Ratings),Very Good,Elevator,Free Wifi,Geyser
OYO Flagship Vsv Avenue Hennur Near Sri Amruth Chithra Mandira,"(landmark Krishna Medical Store) Oposite Krishna Leela Grand Hotel, Bangalore",₹935,+ ₹142 taxes & fees,4.2,(506 Ratings),Very Good,Free Wifi,Geyser,Power backup
OYO Flagship Mathrushree Inn,"Acharya College Road, Bangalore",₹572,+ ₹99 taxes & fees,3.4,(9 Ratings),Fair,Free Wifi,Geyser,Power backup
OYO Flagship Rich Inn Premium Suites Near Nagasandra Metro Station.,"Sidedahalli, Bangalore",₹814,+ ₹138 taxes & fees,4.2,(3 Ratings),Very Good,Free Wifi,Geyser,Power backup
SPOT ON Srinivasa Boarding And Lodging Near Vijayanagar Metro Station,"Near N R Colony, Sajjepalya, Bangalore",₹453,+ ₹94 taxes & fees,3.2,(318 Ratings),Fair,TV,,
Collection O 62387 Emara Grand Hotel,"H S R Layout, Bangalore",₹1361,+ ₹193 taxes & fees,4.4,(30 Ratings),Very Good,Private entrance,Reception,Caretaker
Collection O Hotel Skyline,"B S K 2nd Stage, Bangalore",₹1039,+ ₹175 taxes & fees,3.2,(49 Ratings),Fair,Reception,Free Wifi,Caretaker
Capital O Royal Manyata,"Gate Number 4, Bangalore",₹796,+ ₹156 taxes & fees,4.0,(337 Ratings),Very Good,Parking facility,Reception,Free Wifi
Collection O Sri Sai Ram Suites,"Bangalore Karnataka India, Bangalore",₹986,+ ₹158 taxes & fees,4.4,(201 Ratings),Very Good,Free Wifi,AC,TV
OYO Blooms Inn,"Bangalore Urban, Bangalore",₹933,+ ₹152 taxes & fees,4.1,(83 Ratings),Very Good,Doctor on call,Parking facility,Reception
SPOT ON Balaji Residency near Yeshwantupur Railway Station,"L N Colony, Bangalore",₹597,+ ₹102 taxes & fees,3.2,(216 Ratings),Fair,AC,TV,Queen Sized Bed
SPOT ON 701125 Sri Saptagiri Bording & Lodging,"Dasarahalli Zone Hegganahalli Main Road, Bangalore",₹499,+ ₹100 taxes & fees,2.8,(48 Ratings),Fair,Elevator,Free Wifi,Geyser
SPOT ON Sai Boarding And Lodging Near Kengeri Metro Station,"No 62\2 Anchepalya Kengeri, Bangalore",₹533,+ ₹94 taxes & fees,2.8,(26 Ratings),Fair,Free Wifi,Geyser,Power backup
SPOT ON Sri Ranganatha Boarding And Lodging,"Andrahalli Main Road, Bangalore",₹410,+ ₹89 taxes & fees,3.4,(44 Ratings),Fair,Free Wifi,Geyser,Power backup
SPOT ON SHI LAKSHMI BOARDING AND LODGING,"Nandini Layout, Bangalore",₹450,+ ₹94 taxes & fees,3.9,(102 Ratings),Good,Free Wifi,Geyser,Power backup
OYO Squar Stay,"Begur, Bangalore",₹588,+ ₹111 taxes & fees,3.3,(75 Ratings),Fair,Elevator,Free Wifi,Geyser
Flagship I Care With Greenery Comforts,"Koothi Thope, Bangalore",₹839,+ ₹141 taxes & fees,3.7,(87 Ratings),Good,Elevator,Geyser,Power backup
Flagship Gokul Residency,"Plot no. 1/road no. 04 whitefield . opp to whitefield railway station , Bangalore",₹519,+ ₹102 taxes & fees,3.2,(38 Ratings),Fair,AC,TV,
SPOT ON Sanjay Lodge,"Bangalore , Bangalore",₹416,+ ₹90 taxes & fees,2.5,(83 Ratings),Fair,Free Wifi,Geyser,Power backup
Collection O 81063 Day and Night Residency,"Chikkabanavara., Bangalore",₹631,+ ₹116 taxes & fees,3.3,(19 Ratings),Fair,Elevator,Free Wifi,Geyser
OYO Flagship IRA Comforts,"Banashankari 1st Stage, Bangalore",₹686,+ ₹122 taxes & fees,4.1,(64 Ratings),Very Good,Elevator,Free Wifi,Geyser
Collection O G Silver Polonest,"Bengaluru, Bangalore",₹1561,+ ₹227 taxes & fees,4.7,(147 Ratings),Excellent,Elevator,Free Wifi,Geyser
Super OYO SilverKey Executive Stay,"Yelahanka Zone, Bangalore",₹1697,+ ₹234 taxes & fees,4.5,(126 Ratings),Excellent,Reception,Free Wifi,Power backup
OYO Flagship 69693 The Royal Park,"Near OYE Amritsar, New Tippasandra, Banglore",₹1280,+ ₹194 taxes & fees,3.1,(35 Ratings),Fair,Elevator,Reception,Free Wifi
Capital O Sln Residency,NEAR GKVK JAKKUR PLANTATION,₹1046,+ ₹165 taxes & fees,3.6,(161 Ratings),Good,Parking facility,Reception,Free Wifi
Collection O Karanji Paradise,"R R Nagar, Bangalore",₹686,+ ₹122 taxes & fees,NEW,,,Elevator,Free Wifi,Geyser
OYO Flagship Lakshmana Hotel,"Agrahara, Bangalore",₹640,+ ₹117 taxes & fees,3.2,(34 Ratings),Fair,Free Wifi,Geyser,Power backup
OYO Anjani Fortune Suites,"Yelahanka Zone, Bangalore",₹796,+ ₹155 taxes & fees,3.8,(193 Ratings),Good,Private entrance,Elevator,Free Wifi
OYO Home Exotic Stay Bsk 3rd Stage,"Katriguppe, Bangalore",₹752,+ ₹130 taxes & fees,3.6,(254 Ratings),Good,Private entrance,Elevator,Free Wifi
Collection O Ya Inn And Suites,"frazer town, Bangalore",₹1039,+ ₹165 taxes & fees,4.1,(28 Ratings),Very Good,Elevator,Free Wifi,Geyser
OYO Flagship Sri Chamundeshwari Boarding And Lodge,"arogya badavane srigandhakavalu, Bangalore",₹767,+ ₹132 taxes & fees,4.1,(39 Ratings),Very Good,Elevator,Free Wifi,Geyser
OYO Flagship 65498 SK Lodge,"Near Kengeri Government Hospital, Kengeri Satellite Town, Bangalore",₹780,+ ₹134 taxes & fees,3.5,(106 Ratings),Good,AC,TV,
Collection O Goyal Residency,"Bangalore, Bangalore",₹1147,+ ₹178 taxes & fees,4.1,(120 Ratings),Very Good,Elevator,Free Wifi,Geyser
OYO Flagship Hotel Royal Galaxy,"Bellandur, Bangalore",₹789,+ ₹135 taxes & fees,3.4,(144 Ratings),Fair,Elevator,Free Wifi,Geyser
Capital O Sri Krishna Suites Near 7d Voyage,"Bangalore Urban, Bangalore",₹1222,+ ₹187 taxes & fees,3.7,(53 Ratings),Good,Living Room,Reception,Washing Machine
OYO Flagship Turahalli Hotel,"Pavamanapura, Bangalore",₹1225,+ ₹187 taxes & fees,4.8,(7 Ratings),Excellent,Elevator,Free Wifi,Geyser
OYO Hotel Silver House Near Mantri Square Mall,"Arghar Dasrahalli Near Madhu Hospital Opp Maharaja Tent House Reliance Smart Building Magadi Main Road, Bangalore",₹912,+ ₹149 taxes & fees,3.9,(307 Ratings),Good,Parking facility,Reception,24x7 Facility Manager
OYO Flagship BNS Lodge Near National College Basavanagudi,"Basavanagudi, Bangalore",₹664,+ ₹120 taxes & fees,3.8,(20 Ratings),Good,AC,TV,
Collection O Hotel Millennium Plaza,"India, Bangalore",₹963,+ ₹156 taxes & fees,4.0,(43 Ratings),Very Good,Elevator,Free Wifi,Geyser
Collection O Hotel Champion Paradise,"India, Bangalore",₹1184,+ ₹182 taxes & fees,4.0,(90 Ratings),Very Good,Elevator,Free Wifi,Geyser
Collection O M&m Hospitality Kiap Airport Back Gate,"Bangalore North, Bangalore",₹1098,+ ₹172 taxes & fees,5.0,(2 Ratings),Fabulous,Elevator,Free Wifi,Geyser
SPOT ON SLN Comforts,"Tarabanahalli, Bangalore",₹588,+ ₹111 taxes & fees,3.7,(2 Ratings),Good,AC,TV,
OYO Townhouse 078 DODDA BANASWADI,"Near Udupi Upachar, Lakshmamma Layout, Bangalore",₹1098,+ ₹172 taxes & fees,4.4,(25 Ratings),Very Good,AC,TV,
OYO Flagship Sri Sai Guru Comforts,"Near Hosahalli Main Road, Hunasamaranahalli, Bangalore",₹644,+ ₹117 taxes & fees,3.4,(77 Ratings),Fair,Reception,Free Wifi,Power backup
OYO Flagship Grand Residency,"Near Lumbini Garden, Kempapur, Bangalore",₹804,+ ₹136 taxes & fees,3.5,(13 Ratings),Good,Parking facility,Reception,Free Wifi
OYO Hotel Golden Inn Near Cubbon Park,"Centrally Located, Near HKP Road, Shivaji Nagar, Bangalore",₹1025,+ ₹163 taxes & fees,3.2,(62 Ratings),Fair,,,
OYO Flagship Lakshmana Hotel,"Agrahara, Bangalore",₹640,+ ₹117 taxes & fees,3.2,(34 Ratings),Fair,Free Wifi,Geyser,Power backup
OYO Anjani Fortune Suites,"Yelahanka Zone, Bangalore",₹796,+ ₹155 taxes & fees,3.8,(193 Ratings),Good,Private entrance,Elevator,Free Wifi
OYO Home Exotic Stay Bsk 3rd Stage,"Katriguppe, Bangalore",₹752,+ ₹130 taxes & fees,3.6,(254 Ratings),Good,Private entrance,Elevator,Free Wifi
Collection O Ya Inn And Suites,"frazer town, Bangalore",₹1039,+ ₹165 taxes & fees,4.1,(28 Ratings),Very Good,Elevator,Free Wifi,Geyser
OYO Flagship Sri Chamundeshwari Boarding And Lodge,"arogya badavane srigandhakavalu, Bangalore",₹767,+ ₹132 taxes & fees,4.1,(39 Ratings),Very Good,Elevator,Free Wifi,Geyser
OYO Flagship 65498 SK Lodge,"Near Kengeri Government Hospital, Kengeri Satellite Town, Bangalore",₹780,+ ₹134 taxes & fees,3.5,(106 Ratings),Good,AC,TV,
Collection O Goyal Residency,"Bangalore, Bangalore",₹1147,+ ₹178 taxes & fees,4.1,(120 Ratings),Very Good,Elevator,Free Wifi,Geyser
OYO Flagship Hotel Royal Galaxy,"Bellandur, Bangalore",₹789,+ ₹135 taxes & fees,3.4,(144 Ratings),Fair,Elevator,Free Wifi,Geyser
Capital O Sri Krishna Suites Near 7d Voyage,"Bangalore Urban, Bangalore",₹1222,+ ₹187 taxes & fees,3.7,(53 Ratings),Good,Living Room,Reception,Washing Machine
OYO Flagship Turahalli Hotel,"Pavamanapura, Bangalore",₹1225,+ ₹187 taxes & fees,4.8,(7 Ratings),Excellent,Elevator,Free Wifi,Geyser
OYO Hotel Silver House Near Mantri Square Mall,"Arghar Dasrahalli Near Madhu Hospital Opp Maharaja Tent House Reliance Smart Building Magadi Main Road, Bangalore",₹912,+ ₹149 taxes & fees,3.9,(307 Ratings),Good,Parking facility,Reception,24x7 Facility Manager
OYO Flagship BNS Lodge Near National College Basavanagudi,"Basavanagudi, Bangalore",₹664,+ ₹120 taxes & fees,3.8,(20 Ratings),Good,AC,TV,
Collection O Hotel Millennium Plaza,"India, Bangalore",₹963,+ ₹156 taxes & fees,4.0,(43 Ratings),Very Good,Elevator,Free Wifi,Geyser
Collection O Hotel Champion Paradise,"India, Bangalore",₹1184,+ ₹182 taxes & fees,4.0,(90 Ratings),Very Good,Elevator,Free Wifi,Geyser
Collection O M&m Hospitality Kiap Airport Back Gate,"Bangalore North, Bangalore",₹1098,+ ₹172 taxes & fees,5.0,(2 Ratings),Fabulous,Elevator,Free Wifi,Geyser
SPOT ON SLN Comforts,"Tarabanahalli, Bangalore",₹588,+ ₹111 taxes & fees,3.7,(2 Ratings),Good,AC,TV,
OYO Townhouse 078 DODDA BANASWADI,"Near Udupi Upachar, Lakshmamma Layout, Bangalore",₹1098,+ ₹172 taxes & fees,4.4,(25 Ratings),Very Good,AC,TV,
OYO Flagship Sri Sai Guru Comforts,"Near Hosahalli Main Road, Hunasamaranahalli, Bangalore",₹644,+ ₹117 taxes & fees,3.4,(77 Ratings),Fair,Reception,Free Wifi,Power backup
OYO Flagship Grand Residency,"Near Lumbini Garden, Kempapur, Bangalore",₹804,+ ₹136 taxes & fees,3.5,(13 Ratings),Good,Parking facility,Reception,Free Wifi
OYO Hotel Golden Inn Near Cubbon Park,"Centrally Located, Near HKP Road, Shivaji Nagar, Bangalore",₹1025,+ ₹163 taxes & fees,3.2,(62 Ratings),Fair,,,
Capital O Prime Residency,"Near Perseverance HBR, Saint Thomas Town, Bangalore",₹1061,+ ₹177 taxes & fees,3.6,(336 Ratings),Good,Parking facility,Reception,Free Wifi
OYO Flagship Varcity Plaza Near Ragigudda Sri Prasanna Anjaneyaswamy Temple,"Near Cross Road, Maruti Nagar, Bangalore",₹859,+ ₹143 taxes & fees,3.5,(208 Ratings),Good,Elevator,Free Wifi,Geyser
OYO Flagship M.S. Residency,"Bidadi, Bangalore",₹573,+ ₹109 taxes & fees,2.5,(5 Ratings),Fair,Elevator,Free Wifi,Geyser
Capital O Green Residency,"Near Summanahalli Bus Stop, Bangalore",₹546,+ ₹136 taxes & fees,3.5,(185 Ratings),Good,,,
OYO Elite Stays Near Nexus Whitefield (The Forum Neighbourhood Mall),"Bangalore East, Bangalore",₹860,+ ₹133 taxes & fees,3.6,(633 Ratings),Good,Doctor on call,Reception,Caretaker
Super OYO 28119 Omkar Global Inn,"Near BGS hospital, Bangalore",₹687,+ ₹133 taxes & fees,3.8,(49 Ratings),Good,Parking facility,Reception,Free Wifi
SPOT ON Happy Stay Near Sri Amruth Chithra Mandira,"Rt Nagar Post, Bangalore",₹820,+ ₹158 taxes & fees,4.0,(311 Ratings),Very Good,Free Wifi,Geyser,Power backup
Collection O Valleyton Suites,"Marathahalli, Bangalore",₹1434,+ ₹212 taxes & fees,4.1,(185 Ratings),Very Good,Elevator,Free Wifi,Geyser
OYO Maple In Suites,"South Zone, Bangalore",₹804,+ ₹136 taxes & fees,,,,Parking facility,Reception,Free Wifi
Flagship 48782 Mmr Castle,"Near Kudlu Gate Signal, Aecs B Block , Bangalore",₹903,+ ₹148 taxes & fees,3.7,(63 Ratings),Good,Private entrance,Parking facility,Reception
OYO Sai Orchid,"1st phase Mathikere, Bangalore",₹762,+ ₹122 taxes & fees,2.6,(27 Ratings),Fair,Reception,Free Wifi,Power backup
Flagship Vinayaka Lodge,"Somashettihalli, Bangalore",₹579,+ ₹109 taxes & fees,4.0,(65 Ratings),Very Good,Elevator,Free Wifi,Geyser
Collection O 10885 Hotel Keerthana International,"Suryanagar, Bangalore",₹925,+ ₹151 taxes & fees,3.2,(126 Ratings),Fair,Parking facility,Free Wifi,Power backup
SPOT ON Krishnaa Comforts Near Cubbon Park,"Shivaji Nagar, Bangalore",₹986,+ ₹188 taxes & fees,3.4,(299 Ratings),Fair,TV,Reception,Free Wifi
Collection O Pride Homes,"Aecs Layout, Bangalore",₹1465,+ ₹206 taxes & fees,4.4,(434 Ratings),Very Good,Parking facility,Elevator,Free Wifi
Collection O Royal Rooms,"Karnataka , Bangalore",₹1813,+ ₹258 taxes & fees,4.2,(315 Ratings),Very Good,Elevator,Free Wifi,Geyser
OYO Nra Residency Near Rajarajeshwari Nagar Metro Station,"Rajarajeshwari Nagar, Bangalore",₹773,+ ₹133 taxes & fees,3.7,(47 Ratings),Good,Parking facility,Reception,Free Wifi
Super OYO Capital O Davis Let,"India, Bangalore",₹1414,+ ₹210 taxes & fees,4.6,(140 Ratings),Excellent,Reception,Free Wifi,Caretaker
OYO Flagship Mr Lodge,"Chikkabanavara, Bangalore",₹655,+ ₹119 taxes & fees,3.5,(11 Ratings),Good,Free Wifi,Geyser,Power backup
Collection O Hotel Hemadri Residency,"Opp Saraswati Kalyana Mantapa, Bangalore",₹954,+ ₹155 taxes & fees,4.0,(194 Ratings),Very Good,Elevator,Free Wifi,Geyser
SPOT ON Star Lion Residency,"Srinivasapura, Bangalore",₹544,+ ₹105 taxes & fees,NEW,,,Elevator,Free Wifi,Geyser
Collection O Hotel E City Inn,"Bangalore, Bangalore",₹1304,+ ₹197 taxes & fees,3.9,(73 Ratings),Good,Elevator,Free Wifi,Geyser
SPOT ON Hotel Sri Thirumala Paradise,"Sevashrama, Bangalore",₹678,+ ₹121 taxes & fees,3.5,(374 Ratings),Good,Free Wifi,Geyser,Power backup
OYO SKY INNs,"Yeshwantpur, Bangalore",₹811,+ ₹137 taxes & fees,5.0,(1 Ratings),Fabulous,Elevator,Free Wifi,Geyser
Collection O Green Wood 5,"#513 Greenwood 5 (la Tomatillo) 7th Main West Wing Amarjyoti Layout Domlur Inner Ring Road Bangalore, Bangalore",₹880,+ ₹146 taxes & fees,3.7,(8 Ratings),Good,Elevator,Free Wifi,Geyser
OYO N R Classic,"Koramangala, Bangalore",₹912,+ ₹139 taxes & fees,3.3,(192 Ratings),Fair,Parking facility,Free Wifi,Geyser
OYO Hotel Bungalow Inn Lodging & Boarding,"Near Jigani, Bangalore",₹810,+ ₹137 taxes & fees,NEW,,,Elevator,Free Wifi,Geyser
OYO Flagship Navarang Residency,"Rajajinagar, Bangalore",₹772,+ ₹133 taxes & fees,3.2,(44 Ratings),Fair,Free Wifi,Geyser,Power backup
Collection O Coastal Grand,"Electronic city phase 2, Bangalore",₹1208,+ ₹185 taxes & fees,4.3,(6 Ratings),Very Good,Elevator,Free Wifi,Geyser
Collection O Sai Shwetha Grand Arra.,"New Airport road, Bangalore",₹879,+ ₹146 taxes & fees,3.4,(66 Ratings),Fair,Free Wifi,Power backup,Attached Washroom
Flagship Sri Hari Premium Comforts Near Sandhya Digital 4K Theatre,"Near KLM Finvest, HSR layout sector7, Bangalore",₹773,+ ₹133 taxes & fees,3.2,(73 Ratings),Fair,Parking facility,Reception,Power backup
OYO SSV Comforts,"Jigani Hobli, Bangalore",₹686,+ ₹122 taxes & fees,5.0,(1 Ratings),Fabulous,Elevator,Free Wifi,Geyser
OYO Flagship 80891G Amsterdam House,"Amsterdam House Uniworld 1, Bangalore",₹701,+ ₹124 taxes & fees,,,,Elevator,Free Wifi,Geyser
"OYO Townhouse 014 MG Road,Bangalore","Shivaji Nagar, Bangalore",₹2319,+ ₹318 taxes & fees,5.0,(4 Ratings),Fabulous,AC,TV,
OYO Flagship Ashreya Inn,"Kumbalgodu Post, Bangalore",₹572,+ ₹109 taxes & fees,3.2,(9 Ratings),Fair,AC,TV,
OYO Home Mishra Suites,"Singasandra, Bangalore",₹700,+ ₹134 taxes & fees,3.6,(248 Ratings),Good,Private entrance,Free Wifi,Geyser
OYO Flagship Sunder Nivas,"Yeshwantpur, Bangalore",₹733,+ ₹128 taxes & fees,3.8,(190 Ratings),Good,Free Wifi,Geyser,Power backup
Townhouse OAK Tranquil Inn,"Green Glen Layout, Bangalore",₹1686,+ ₹242 taxes & fees,4.6,(90 Ratings),Excellent,Elevator,Free Wifi,Geyser
OYO SM Residency,"151, Rachenahalli, Manyata Tech Park, Gate No.5, P&T Layout, 7th Cross, Dr.SRK Nagar post, Bangalore",₹862,+ ₹153 taxes & fees,4.0,(203 Ratings),Very Good,Parking facility,Private entrance,Free Wifi
OYO Poornima Mahal,"Stage 2, Bangalore",₹832,+ ₹140 taxes & fees,,,,Elevator,Free Wifi,Geyser
SPOT ON  Benaka Delux Lodging & Delux Rooms,"Plot No 38/1 & 38/2 Palace Guttahalli, Bangalore",₹879,+ ₹145 taxes & fees,3.3,(3 Ratings),Fair,Free Wifi,Geyser,Power backup
Collection O Preethi Boarding & Lodging,"Anekal taluk, Bangalore",₹705,+ ₹125 taxes & fees,3.0,(1 Ratings),Fair,Elevator,Free Wifi,Geyser
OYO Flagship Silver Suites,"Near manjunatha medicals, Hebbal Kempapura, Bangalore",₹1461,+ ₹215 taxes & fees,4.2,(177 Ratings),Very Good,Reception,Free Wifi,Caretaker
OYO Flagship 829 Garden Green,"Near HAL 2nd Stage, Kodihalli,Bangalore",₹945,+ ₹153 taxes & fees,3.9,(43 Ratings),Good,Parking facility,Free Wifi,Power backup
Flagship Sai Vishram,"26/1 sheshadri Road  Anandrao Circle Gandhi Nagar, Bangalore",₹782,+ ₹134 taxes & fees,3.6,(90 Ratings),Good,AC,TV,
OYO Champion Comfort Near Hosahalli Metro Station,"Near Sarvodaya College of Nursing, Magadi Rd, Bangalore",₹1061,+ ₹157 taxes & fees,4.0,(37 Ratings),Very Good,Parking facility,Free Wifi,Power backup
OYO Flagship C-suites,"Kumarswamy Layout, Bangalore",₹909,+ ₹149 taxes & fees,3.7,(57 Ratings),Good,Elevator,Free Wifi,Geyser
SPOT ON 81074 SK Lodge,"Vishwaneedam Post, Bangalore",₹527,+ ₹103 taxes & fees,3.3,(54 Ratings),Fair,Free Wifi,Geyser,Power backup
OYO Home Peaceful Stay,"Bangalore- North , Bangalore",₹499,+ ₹100 taxes & fees,2.9,(100 Ratings),Fair,Parking facility,Free Wifi,TV
OYO Flagship Hotel Virat Inn,"Bangalore, Bangalore",₹999,+ ₹160 taxes & fees,5.0,(13 Ratings),Fabulous,Free Wifi,Geyser,Power backup
OYO Hotel Pvg Comfort,"chikkabanawara, Bangalore",₹767,+ ₹132 taxes & fees,3.5,(16 Ratings),Good,Elevator,Free Wifi,Geyser
OYO Nr Royal,"Sector 6, HSR Layout Ward, Bommanahalli Zone, Bengaluru, Bangalore South, Bangalore Urban, Karnataka",₹838,+ ₹171 taxes & fees,3.3,(127 Ratings),Fair,Parking facility,Reception,Free Wifi
Collection O IRA International Boutique Hotel,"Koramangala , Bangalore",₹1636,+ ₹236 taxes & fees,4.3,(22 Ratings),Very Good,Elevator,Free Wifi,Geyser
SPOT ON SRI VARU HOTEL & LODGING,"Electronic city, Bangalore",₹584,+ ₹110 taxes & fees,NEW,,,Free Wifi,Geyser,Power backup
OYO 79522 The Host,"Bengaluru , Bangalore",₹1467,+ ₹206 taxes & fees,4.0,(101 Ratings),Very Good,Reception,Free Wifi,Caretaker
OYO MRV Royal Suites,"Near New International Airport, Bangalore",₹798,+ ₹146 taxes & fees,3.1,(53 Ratings),Fair,Parking facility,Free Wifi,Caretaker
OYO Kings Suites Near ITC Factory,"Near MSO Colony, Maruthi Seva Nagar, Bangalore",₹1227,+ ₹177 taxes & fees,4.7,(176 Ratings),Excellent,Free Wifi,AC,TV
OYO Sri BALAJI COMFORTS,"Devki Apparao Layout, Bangalore",₹921,+ ₹151 taxes & fees,4.3,(3 Ratings),Very Good,Elevator,Free Wifi,Geyser
Flagship Sree Nandanam Residency,"Bengaluru, Bangalore",₹557,+ ₹107 taxes & fees,3.0,(59 Ratings),Fair,Elevator,Free Wifi,Geyser
OYO Hotel Mekala Suites Inn,"SRK nagar post, Bangalore",₹544,+ ₹105 taxes & fees,2.1,(8 Ratings),Fair,Elevator,Free Wifi,Geyser
Collection O SM Royal Stay,"Vidyanagar Cross, Bangalore",₹1414,+ ₹210 taxes & fees,3.3,(71 Ratings),Fair,Elevator,Free Wifi,Geyser
OYO Flagship Anjana Residency,"Kada Sonappana Halli, Bangalore",₹588,+ ₹111 taxes & fees,3.2,(8 Ratings),Fair,Elevator,Free Wifi,Geyser
OYO Flagship Century Residency,"Near Sri Balaji medicals, Zuzuvadi, Bangalore",₹1015,+ ₹182 taxes & fees,3.0,(73 Ratings),Fair,Free Wifi,Geyser,Power backup
OYO Sri Sai Sevalal Comfort's,"Main Gate, Bangalore",₹767,+ ₹132 taxes & fees,3.1,(98 Ratings),Fair,Hair Dryer,Reception,Free Wifi
OYO Hotel SD,"Mahadeva Kodegahalli, Bangalore",₹880,+ ₹146 taxes & fees,2.0,(1 Ratings),Fair,Elevator,Free Wifi,Geyser
SPOT ON 71449 Ssr Lodging And Boarding,"Near Jumma masjid, Shivaji Nagar, Bangalore",₹712,+ ₹135 taxes & fees,3.6,(117 Ratings),Good,TV,,
Collection O Cosmos Homtel,"Marathalli, Bangalore",₹1087,+ ₹170 taxes & fees,3.7,(15 Ratings),Good,Elevator,Free Wifi,Geyser
Super OYO Collection O Pioneer Suites,"Sarjupur, Bangalore",₹1712,+ ₹245 taxes & fees,4.3,(65 Ratings),Very Good,Elevator,Free Wifi,Geyser
OYO V G Grand,"Anjana Nagar, Bangalore",₹954,+ ₹154 taxes & fees,NEW,,,Elevator,Free Wifi,Geyser
OYO Flagship Hotel Grand Arabian,"Yeswanthpur, Bangalore",₹936,+ ₹152 taxes & fees,2.8,(20 Ratings),Fair,AC,TV,
Collection O 81138 Emara Galaxy Executive Rooms,"Karnatakanull, Bangalore",₹918,+ ₹150 taxes & fees,3.8,(201 Ratings),Good,Elevator,Reception,Free Wifi
Flagship Sri Sai Comforts,"1st Main, Bangalore",₹916,+ ₹140 taxes & fees,4.1,(20 Ratings),Very Good,Elevator,Free Wifi,Geyser
OYO Hotel Royal Embassy,"Near Forum Mall, Koramangala, Bangalore",₹921,+ ₹151 taxes & fees,2.2,(3 Ratings),Fair,Free Wifi,Caretaker,Power backup
Collection O Hotel Leela Park,"Above Cafe Coffee Day, Bangalore",₹1056,+ ₹167 taxes & fees,NEW,,,Elevator,Free Wifi,Geyser
OYO Flagship 7558 Galaxy Inn,"Shivaji Nagar, Bangalore",₹1461,+ ₹215 taxes & fees,4.5,(21 Ratings),Excellent,Reception,Free Wifi,Caretaker
OYO 814123 Helloworld HSR Castle De Monte,"Karnataka , Bangalore",₹1029,+ ₹163 taxes & fees,3.2,(20 Ratings),Fair,Elevator,Free Wifi,Geyser
OYO Galaxy Residency,", Bangalore",₹862,+ ₹143 taxes & fees,NEW,,,Free Wifi,Geyser,Power backup
Collection O Liva Residency,"HRBR Layout, Bangalore",₹901,+ ₹148 taxes & fees,3.5,(57 Ratings),Good,Free Wifi,Geyser,Power backup
OYO Flagship 27781 Sri Sai Comforts Near Kengeri Bus Terminal Metro Station,"147,RPS Towers,Uttarahalli- Kengeri main road,Bangalore",₹993,+ ₹159 taxes & fees,3.6,(20 Ratings),Good,Parking facility,Reception,Free Wifi
Collection O Sabharwal Inn,"Chinnayanpalya, Bangalore",₹951,+ ₹154 taxes & fees,NEW,,,Elevator,Free Wifi,Geyser
SPOT ON Helloworld Castle Prague,"BTM 1st Stage, Bangalore",₹1404,+ ₹209 taxes & fees,4.0,(8 Ratings),Very Good,Elevator,Free Wifi,Geyser
Hotel Telehaus International Near Lalbagh Botanical Garden,"Near Karnataka Bank, Shanti Nagar, Bangalore",₹1170,+ ₹190 taxes & fees,4.3,(2 Ratings),Very Good,Hair Dryer,Free Wifi,Power backup
Collection O B Six Hotel,"Kalasipalyam Main Road, Bangalore",₹1079,+ ₹170 taxes & fees,3.5,(10 Ratings),Good,Free Wifi,Mini Fridge,Seating area
OYO Century Gardens,"Maruti Nagar, Bangalore",₹1083,+ ₹170 taxes & fees,5.0,(9 Ratings),Fabulous,AC,TV,
OYO Flagship 815366 Royal Classio,", Bangalore",₹1061,+ ₹167 taxes & fees,,,,Elevator,Free Wifi,Geyser
OYO Flagship Golden Treasury,"Bangalore south, Bangalore",₹745,+ ₹129 taxes & fees,2.4,(9 Ratings),Fair,Elevator,Free Wifi,Geyser
SPOT ON Helloworld Dom,"Ammanamma Layout Rustam Bagh Main Road, Bangalore",₹1087,+ ₹170 taxes & fees,2.7,(9 Ratings),Fair,Elevator,Free Wifi,Geyser
OYO The Coles Tree,"Near Fathima School, Bangalore",₹1163,+ ₹180 taxes & fees,NEW,,,Elevator,Free Wifi,Geyser
Flagship My Own Nest Near Ragigudda Sri Prasanna Anjaneyaswamy Temple,"Near Srinivasa Temple, Bangalore",₹1543,+ ₹225 taxes & fees,3.2,(145 Ratings),Fair,Doctor on call,Reception,Concierge
OYO FlagshipRoyal residency,"11 Uttarahalli Main Road, Bangalore",₹1098,+ ₹172 taxes & fees,NEW,,,AC,TV,
OYO Sri Sai Residency,"Toyota- Coca Cola road, harohalli - ramanagara main road,Medanahalli, bidadi.ramanagar",₹499,+ ₹100 taxes & fees,3.5,(55 Ratings),Good,Free Wifi,AC,AC
OYO Royal Residency Near Hare Krishna Hill,"Near Taj Yeshwantpur, M S K Nagar, Bangalore",₹499,+ ₹100 taxes & fees,4.0,(313 Ratings),Very Good,Free Wifi,Power backup,CCTV cameras
OYO Flagship Mr Deluxe Near Wonderla Amusement Park,"Wonderlaa Gate, Bangalore",₹499,+ ₹100 taxes & fees,3.9,(67 Ratings),Good,Free Wifi,Geyser,Power backup
OYO Flagship Lakshmi Sri Boarding & Lodging,"Attibele, Bangalore",₹499,+ ₹100 taxes & fees,4.3,(29 Ratings),Very Good,Free Wifi,Geyser,Power backup
OYO Flagship 65924 Balaji Luxury,"Near Halagevadera Halli Lake, RR Nagar, Bangalore",₹678,+ ₹121 taxes & fees,5.0,(8 Ratings),Fabulous,Elevator,Free Wifi,Geyser
SPOT ON 61410 Woodland Lodge,"Near Kempegowda Circle, Nelamangala, Bangalore",₹413,+ ₹90 taxes & fees,4.5,(55 Ratings),Excellent,AC,TV,
Collection O 6960 Hotel Kadamba Guestline,"Near Kingeri bus stop, Kengeri, Bangalore",₹687,+ ₹122 taxes & fees,4.4,(25 Ratings),Very Good,Parking facility,Reception,Free Wifi
OYO Flagship 68852 M.r Lodge,"Near Christ University, K M Jayaram Complex, Bangalore",₹508,+ ₹91 taxes & fees,5.0,(5 Ratings),Fabulous,AC,TV,
Collection O Royal Inn,"L N Colony, Bangalore",₹544,+ ₹105 taxes & fees,4.0,(7 Ratings),Very Good,Elevator,Free Wifi,Geyser
OYO Flagship Mk Residency,"170/294/1/183 Bengaluru - Kanakapura Road, Bangalore",₹568,+ ₹108 taxes & fees,3.9,(11 Ratings),Good,Free Wifi,Geyser,Power backup
OYO Flagship New Champion Residency,"Near Old Madras Road, KR Puram, Bangalore",₹843,+ ₹151 taxes & fees,4.2,(151 Ratings),Very Good,Parking facility,Reception,Free Wifi
OYO Flagship Hotel VBH Inn,"Bangalore, Bangalore",₹553,+ ₹106 taxes & fees,3.9,(37 Ratings),Good,AC,TV,
OYO Flagship Hotel Golden Suites,9113219329,₹772,+ ₹133 taxes & fees,4.4,(369 Ratings),Very Good,Free Wifi,Geyser,Power backup
Capital O King Suites -hennur Near D Mart,"East Zone, Bangalore",₹905,+ ₹139 taxes & fees,4.3,(137 Ratings),Very Good,Ticket tour assistance,Reception,Designated smoking area
OYO Flagship 79566 Sai Hotel,"Kothanur, Bangalore",₹508,+ ₹91 taxes & fees,4.0,(53 Ratings),Very Good,Reception,Free Wifi,Geyser
OYO Flagship 810923 Hotel Shiva International,"Bangalore, Bangalore",₹804,+ ₹136 taxes & fees,4.9,(9 Ratings),Fabulous,Elevator,Free Wifi,Geyser
Collection O Rk Guest House Villa,"Jakkur, Bangalore",₹773,+ ₹133 taxes & fees,4.4,(5 Ratings),Very Good,Elevator,Free Wifi,Geyser
OYO Home Kkr New Town Near Sri Amruth Chithra Mandira,"Kalyan Nagar, Bangalore",₹508,+ ₹91 taxes & fees,3.2,(151 Ratings),Fair,Free Wifi,Geyser,Power backup
SPOT ON Hotel Shreyas,"Prem Nagar, Bangalore",₹499,+ ₹100 taxes & fees,3.7,(18 Ratings),Good,Elevator,Free Wifi,Geyser
Collection O Fortune Park,"Gokula Extension, Bangalore",₹865,+ ₹144 taxes & fees,4.5,(41 Ratings),Excellent,AC,TV,
OYO Flagship Pearl Valley Residency,"Anekal, Bangalore",₹818,+ ₹138 taxes & fees,3.7,(9 Ratings),Good,Free Wifi,Geyser,Power backup
OYO Flagship 813597 Sri Sai exotic stay,"a6/611 1 main 2 nd cross venkatadhri  layout behind apollo hospital  jp nagar 5th phase, Bangalore",₹818,+ ₹138 taxes & fees,2.3,(6 Ratings),Fair,AC,TV,
Super OYO Collection O Skanda Shelters,"Near Aiyappa Temple, Bangalore",,,4.3,(23 Ratings),Very Good,Elevator,Free Wifi,Geyser
Super OYO Collection O Manasi Residency,"Marathahalli Main Road, Bangalore",,,4.3,(312 Ratings),Very Good,Elevator,Free Wifi,Geyser
Capital O Elegant Amethyst Business Hotel Near Ragigudda Sri Prasanna Anjaneyaswamy Temple,"5th Block, Jayanagar, Bangalore",,,4.7,(1516 Ratings),Excellent,Doctor on call,Reception,Power backup
Super OYO Flagship Aaira Inn Near Uttam Sagar,"Near Uttam Sagar, Banaswadi main road, Bangalore",,,4.5,(642 Ratings),Excellent,Hair Dryer,Parking facility,Free Wifi
OYO HKH Homes Near Royal Meenakshi Mall,"Near GR Lavender Apartments, Bangalore",,,3.7,(615 Ratings),Good,Private entrance,Reception,Free Wifi
Super OYO Silverkey Executive Stays Yelahanka New Town,"Yelahanka New Town, Bangalore",,,4.5,(688 Ratings),Excellent,Free Wifi,Daily housekeeping,AC
Townhouse OAK Ess Jay,"Uttarahalli Hobli, Bangalore",,,4.4,(149 Ratings),Very Good,Elevator,Free Wifi,Geyser
